#,名称,スキル1,スキル2,スキル3,100pt,250pt,500pt,1000pt,1500pt,2500pt,3500pt,5000pt,7500pt,10000pt
1,ぼくとう,マジックアタック,めいそう,ステップムーブ,XPバフ,OPTバフ,XPギア,アクションギア,SPDバフ,ムーブギア,ゴブリンギア,リザードギア,XPギア,XPバフ
2,こんぼう,タックル,スタンアタック,とどめ,スライムギア,ATKバフ,クリティカルギア,XPギア,アニマルギア,スタンギア,XPバフ,XPバフ,クリティカルギア,VITバフ
3,ダガー,アクセル,ふいうち,コインプラス,ムーブギア,OPTバフ,インセクトギア,コインギア,SPDバフ,ポイズンギア,LUKバフ,アクションギア,インセクトギア,SPDバフ
4,ロングソード,ガード,マジックアタック,クリティカル+20%,OPTバフ,クリティカルギア,アーマーギア,アクションギア,ATKバフ,XPギア,アクションギア,VITバフ,アーマーギア,XPバフ
5,スピア,アクセル,ジャブ,ステップムーブ,メダマギア,OPTバフ,アニマルギア,XPバフ,アクションギア,XPギア,アクションギア,ATKバフ,アニマルギア,VITバフ
6,ウッドハンマー,リーフ,めいそう,とどめ,クリティカルギア,OPTバフ,インセクトギア,LUKバフ,コインギア,ダメージギア,XPバフ,スライムギア,インセクトギア,VITバフ
7,スタッフ,マジックボール,キュア,XPアップ,マジックギア,OPTバフ,マジックギア,INTバフ,ダークギア,XPバフ,ライトギア,LUKバフ,マジックギア,INTバフ
8,ウッドボウ,チャージ,めいそう,ふいうち,OPTバフ,SPDバフ,アニマルギア,XPバフ,コインギア,LUKバフ,マジックギア,INTバフ,アニマルギア,XPバフ
9,ウッドダイス,ラッキーパンチ,おいのり,コインプラス,,,,,,,,,,
10,きのえだ,マジックアタック,リーフ,ふいうち,,,,,,,,,,
11,アクアロッド,マジックボール,アクア,カウンター,アクアギア,INTバフ,,,,,,,,
12,リーフロッド,マジックボール,リーフ,XPアップ,,,,,,,,,,
13,ウイングブレイド,アクセル,ソニックウェーブ,ラピッドムーブ,,,,,,,,,,
14,フレイル,フレア,キュア,クリティカル+20%,,,,,,,,,,
15,ファイヤーロッド,マジックボール,フレア,とどめ,フレアギア,INTバフ,マジックギア,マジックギア,フレアギア,,,,,
16,かたな,ダッシュアタック,フレア,クリティカル+20%,,,,,,,,,,
17,ストーンボウ,ガード,ボディアタック,とどめ,,,,,,,,,,
18,スティンガー,ジャブ,スタンアタック,デスマーチ,,,,,,,,,,
19,フライパン,マジックアタック,フレア,コインプラス,,,,,,,,,,
20,ねこじゃらし,ラッキーパンチ,リーフ,エンカウンター,,,,,,,,,,
21,キリン,ラッシュ,めいそう,カウンター,XPバフ,コインギア,VITバフ,,,,,,,
22,にょいぼう,フレア,おいのり,カウンター,デビルギア,LUKギア,コインギア,ATKバフ,デビルギア,,,,,
23,ピコピコハンマー,ラッキーパンチ,マジックアタック,コインプラス,,,,,,,,,,
24,ハブラシ,ジャブ,アクア,クリティカル+20%,,,,,,,,,,
25,かなぼう,ダーク,デスマーチ,とどめ,,,,,,,,,,
26,まるた,リーフ,めいそう,デスマーチ,アンデットギア,VITバフ,ゴブリンギア,OPTギア,リーフギア,アンデットギア,VITギア,ATKギア,ゴブリンギア,VITギア
27,リーフカッター,タックル,リーフ,ラピッドムーブ,,,,,,,,,,
28,フラワーハンマー,ポイズンアタック,リーフ,エンカウンター,リーフギア,XPバフ,クリティカルギア,INTギア,マジックギア,ポイズンギア,XPギア,,,
29,バタフライエッジ,ポイズンミスト,スローシャワー,コインプラス,,,,,,,,,,
30,まきもの,ランダムマジック,ポイズンミスト,ラピッドムーブ,,,,,,,,,,
31,アクアハンマー,マジックアタック,アクア,XPアップ,,,,,,,,,,
32,,,,,,,,,,,,,,
33,アイスロッド,スタンアタック,スローシャワー,クリティカル+20%,,,,,,,,,,
34,エレキランス,スタンアタック,ライト,ふいうち,,,,,,,,,,
35,スタンナイフ,スタンアタック,スタンショック,ふいうち,スタンギア,SPDバフ,スタンギア,リザードギア,スライムギア,,,,,
36,アクアボウ,マジックアタック,アクア,クリティカル+20%,リザードギア,LUKバフ,アクアギア,クリティカルギア,コインギア,,,,,
37,ちゅうしゃき,ポイズンアタック,アクア,ふいうち,,,,,,,,,,
38,ペロペロキャンディ,ライト,キュア,デスマーチ,XPバフ,ライトギア,LIKバフ,ポイズンギア,インセクトギア,INTバフ,コインギア,VITバフ,LUKバフ,LUKバフ
39,エルダーワンド,ランダムマジック,キュア,ふいうち,,,,,,,,,,
40,むしとりあみ,スローシャワー,ラピッドムーブ,ふいうち,,,,,,,,,,
41,アースブレイド,ガード,めいそう,XPアップ,,,,,,,,,,
42,スカルロッド,ダーク,ポイズンミスト,とどめ,,,,,,,,,,
43,,,,,,,,,,,,,,
44,グリーンボウ,マジックアタック,リーフ,クリティカル+20%,VITバフ,XPバフ,リーフギア,クリティカルギア,ポイズンギア,XPバフ,,,,
45,グローブ,ジャブ,フレア,カウンター,,,,,,,,,,
46,ストーンロッド,マジックボール,ボディアタック,XPアップ,,,,,,,,,,
47,ピッケル,ボディアタック,アクア,デスマーチ,,,,,,,,,,
48,シャベル,ボディアタック,リーフ,デスマーチ,,,,,,,,,,
49,スタンドマイク,ソニックウェーブ,スタンショック,エンカウンター,,,,,,,,,,
50,くさりがま,ラッシュ,ラピッドムーブ,ふいうち,,,,,,,,,,
51,ウォーターナイフ,チャージ,アクア,ラピッドムーブ,,,,,,,,,,
52,,,,,,,,,,,,,,
53,エレキハンマー,ライト,スタンショック,クリティカル+20%,,,,,,,,,,
54,ドリルランス,チャージ,ラッシュ,デスマーチ,,,,,,,,,,
55,,,,,,,,,,,,,,
56,スタンガン,スタンアタック,スタンショック,カウンター,,,,,,,,,,
57,,,,,,,,,,,,,,
58,ヒーリングワンド,キュア,おいのり,XPアップ,,,,,,,,,,
59,,,,,,,,,,,,,,
60,,,,,,,,,,,,,,
61,なぎなた,ガード,ラッシュ,カウンター,,,,,,,,,,
62,,,,,,,,,,,,,,
63,ハサミ,ガード,ダーク,とどめ,,,,,,,,,,
64,ディフェンダー,ガード,ボディアタック,カウンター,,,,,,,,,,
65,,,,,,,,,,,,,,
66,,,,,,,,,,,,,,
67,しゅりけん,ジャブ,ダーク,ラピッドムーブ,,,,,,,,,,
68,,,,,,,,,,,,,,
69,ほうちょう,ダッシュアタック,アクア,デスマーチ,,,,,,,,,,
70,,,,,,,,,,,,,,
71,カットラス,ダッシュアタック,ソニックウェーブ,ステップムーブ,,,,,,,,,,
72,アイアンハンマー,チャージ,タックル,クリティカル+20%,,,,,,,,,,
73,,,,,,,,,,,,,,
74,,,,,,,,,,,,,,
75,,,,,,,,,,,,,,
76,,,,,,,,,,,,,,
77,,,,,,,,,,,,,,
78,,,,,,,,,,,,,,
79,,,,,,,,,,,,,,
80,,,,,,,,,,,,,,
81,,,,,,,,,,,,,,
82,,,,,,,,,,,,,,
83,,,,,,,,,,,,,,
84,ブーケ,リーフ,ポイズンミスト,コインプラス,,,,,,,,,,
85,,,,,,,,,,,,,,
86,,,,,,,,,,,,,,
87,,,,,,,,,,,,,,
88,クマちゃんハンマー,タックル,ボディアタック,デスマーチ,,,,,,,,,,
89,,,,,,,,,,,,,,
90,,,,,,,,,,,,,,
91,,,,,,,,,,,,,,
92,,,,,,,,,,,,,,
93,,,,,,,,,,,,,,
94,,,,,,,,,,,,,,
95,,,,,,,,,,,,,,
96,,,,,,,,,,,,,,
97,,,,,,,,,,,,,,
98,,,,,,,,,,,,,,
99,,,,,,,,,,,,,,
100,スコップ,タックル,リーフ,コインプラス,,,,,,,,,,
101,,,,,,,,,,,,,,
102,,,,,,,,,,,,,,
103,,,,,,,,,,,,,,
104,,,,,,,,,,,,,,
105,,,,,,,,,,,,,,
106,,,,,,,,,,,,,,
107,,,,,,,,,,,,,,
109,クナイ,ジャブ,ポイズンミスト,ラピッドムーブ,SPDバフ,メダマギア,ムーブギア,クリティカルギア,XPバフ,アクションギア,SPDバフ,ポイズンギア,ムーブギア,SPDバフ
109,,,,,,,,,,,,,,
110,,,,,,,,,,,,,,
111,,,,,,,,,,,,,,
112,,,,,,,,,,,,,,
113,,,,,,,,,,,,,,
114,,,,,,,,,,,,,,
115,,,,,,,,,,,,,,
116,,,,,,,,,,,,,,
117,,,,,,,,,,,,,,
118,,,,,,,,,,,,,,
119,,,,,,,,,,,,,,
120,,,,,,,,,,,,,,
121,,,,,,,,,,,,,,
122,,,,,,,,,,,,,,
123,,,,,,,,,,,,,,
124,,,,,,,,,,,,,,
125,つりざお,ラッキーパンチ,アクア,エンカウンター,,,,,,,,,,
126,,,,,,,,,,,,,,
127,,,,,,,,,,,,,,
128,,,,,,,,,,,,,,
129,ゲルダイス,スローアタック,スローシャワー,XPアップ,,,,,,,,,,
130,,,,,,,,,,,,,,
131,,,,,,,,,,,,,,
132,,,,,,,,,,,,,,
133,,,,,,,,,,,,,,
134,,,,,,,,,,,,,,
135,,,,,,,,,,,,,,
136,,,,,,,,,,,,,,
137,カード,ラッキーパンチ,ソニックウェーブ,コインプラス,,,,,,,,,,
138,,,,,,,,,,,,,,
139,,,,,,,,,,,,,,
140,,,,,,,,,,,,,,
141,,,,,,,,,,,,,,
142,,,,,,,,,,,,,,
143,マジカルロッド,マジックボール,ランダムマジック,クリティカル+20%,,,,,,,,,,
144,,,,,,,,,,,,,,
145,,,,,,,,,,,,,,
146,,,,,,,,,,,,,,
147,バスターソード,ラッシュ,フレア,カウンター,,,,,,,,,,
148,,,,,,,,,,,,,,
149,デスサイズ,ソニックウェーブ,ライフドレイン,デスマーチ,,,,,,,,,,
150,シルバーアックス,ダッシュアタック,カウンター,コインプラス,,,,,,,,,,
151,,,,,,,,,,,,,,
152,,,,,,,,,,,,,,
153,,,,,,,,,,,,,,
154,,,,,,,,,,,,,,
155,,,,,,,,,,,,,,
156,レイピア,アクセル,ダッシュアタック,ステップムーブ,,,,,,,,,,
157,,,,,,,,,,,,,,
158,,,,,,,,,,,,,,
159,,,,,,,,,,,,,,
160,,,,,,,,,,,,,,
161,,,,,,,,,,,,,,
162,,,,,,,,,,,,,,
163,,,,,,,,,,,,,,
164,,,,,,,,,,,,,,
165,,,,,,,,,,,,,,
166,,,,,,,,,,,,,,
167,,,,,,,,,,,,,,
168,,,,,,,,,,,,,,
169,,,,,,,,,,,,,,
170,,,,,,,,,,,,,,
171,,,,,,,,,,,,,,
172,めだまボール,ダーク,ライフドレイン,ふいうち,,,,,,,,,,
173,,,,,,,,,,,,,,
174,,,,,,,,,,,,,,
175,ソウルイーター,スタンアタック,ライフドレイン,エンカウンター,,,,,,,,,,